{
  "waves": [
    [
      {
        "name": "RASPBERRY_DONUT",
        "width": 32,
        "height": 32,
        "imageSpec": {
          "id": "donutSheet",
          "sx": 0,
          "sy": 0,
          "sWidth": 32,
          "sHeight": 32
        },
        "x": -27.76102014033279,
        "y": 145.15370018975332,
        "endX": 301.40196704080483
      },
      {
        "name": "EVIL_PRINTER",
        "width": 32,
        "height": 32,
        "imageSpec": {
          "id": "printerSheet",
          "sx": 0,
          "sy": 0,
          "sWidth": 32,
          "sHeight": 32
        },
        "x": 673.6244517119621,
        "y": 145.15370018975332,
        "endX": 325.06726979240966
      }
    ],
    [],
    [
      {
        "name": "CHOCO_DONUT",
        "width": 32,
        "height": 32,
        "imageSpec": {
          "id": "donutSheet",
          "sx": 0,
          "sy": 32,
          "sWidth": 32,
          "sHeight": 32
        },
        "x": -37.50598746199182,
        "y": 145.15370018975332,
        "endX": 224.64232891625062
      },
      {
        "name": "EVIL_PRINTER",
        "width": 32,
        "height": 32,
        "imageSpec": {
          "id": "printerSheet",
          "sx": 0,
          "sy": 0,
          "sWidth": 32,
          "sHeight": 32
        },
        "x": 634.3870625885102,
        "y": 145.15370018975332,
        "endX": 297.43380006757013
      }
    ],
    [],
    [
      {
        "name": "FROSTED_DONUT",
        "width": 32,
        "height": 32,
        "imageSpec": {
          "id": "donutSheet",
          "sx": 0,
          "sy": 64,
          "sWidth": 32,
          "sHeight": 32
        },
        "x": -43.77316366468515,
        "y": 145.15370018975332,
        "endX": 313.17177821990316
      },
      {
        "name": "EVIL_PRINTER",
        "width": 32,
        "height": 32,
        "imageSpec": {
          "id": "printerSheet",
          "sx": 0,
          "sy": 0,
          "sWidth": 32,
          "sHeight": 32
        },
        "x": 656.0165943864858,
        "y": 145.15370018975332,
        "endX": 325.57900071324
      }
    ],
    [],
    [],
    [
      {
        "name": "EVIL_PRINTER",
        "width": 32,
        "height": 32,
        "imageSpec": {
          "id": "printerSheet",
          "sx": 0,
          "sy": 0,
          "sWidth": 32,
          "sHeight": 32
        },
        "x": 624.1524441719029,
        "y": 145.15370018975332,
        "endX": 258.0305191636323
      }
    ],
    [
      {
        "name": "EVIL_PRINTER",
        "width": 32,
        "height": 32,
        "imageSpec": {
          "id": "printerSheet",
          "sx": 0,
          "sy": 0,
          "sWidth": 32,
          "sHeight": 32
        },
        "x": 648.6077235648798,
        "y": 145.15370018975332,
        "endX": 274.40590863020384
      }
    ],
    [],
    [],
    [
      {
        "name": "EVIL_PRINTER",
        "width": 32,
        "height": 32,
        "imageSpec": {
          "id": "printerSheet",
          "sx": 0,
          "sy": 0,
          "sWidth": 32,
          "sHeight": 32
        },
        "x": 630.4621795112429,
        "y": 145.15370018975332,
        "endX": 267.75340665940917
      }
    ],
    [
      {
        "name": "EVIL_PRINTER",
        "width": 32,
        "height": 32,
        "imageSpec": {
          "id": "printerSheet",
          "sx": 0,
          "sy": 0,
          "sWidth": 32,
          "sHeight": 32
        },
        "x": 646.5511237761517,
        "y": 145.15370018975332,
        "endX": 272.3589849468824
      }
    ],
    [],
    [],
    [
      {
        "name": "EVIL_PRINTER",
        "width": 32,
        "height": 32,
        "imageSpec": {
          "id": "printerSheet",
          "sx": 0,
          "sy": 0,
          "sWidth": 32,
          "sHeight": 32
        },
        "x": 635.0114363689244,
        "y": 145.15370018975332,
        "endX": 258.0305191636323
      }
    ],
    [],
    [],
    [],
    [],
    [],
    [],
    [],
    [],
    [],
    [],
    [],
    [],
    [],
    [],
    [
      {
        "name": "CHOCO_DONUT",
        "width": 32,
        "height": 32,
        "imageSpec": {
          "id": "donutSheet",
          "sx": 0,
          "sy": 32,
          "sWidth": 32,
          "sHeight": 32
        },
        "x": -38.52944930365254,
        "y": 145.75692963752667
      }
    ],
    [],
    [],
    [],
    [],
    [],
    [],
    [],
    [],
    [],
    [],
    [],
    [],
    [],
    [],
    [],
    [],
    [],
    [],
    [],
    [],
    [],
    [],
    [],
    [],
    [],
    [],
    [],
    [],
    [],
    [],
    [],
    [],
    [],
    [],
    [],
    [],
    [],
    [],
    [],
    [],
    [],
    [],
    [],
    [],
    [],
    [],
    [],
    [],
    [],
    [],
    [],
    [],
    [],
    [],
    [],
    [],
    [],
    [],
    [],
    [],
    [],
    [],
    [],
    [],
    [],
    [],
    [],
    [],
    [],
    [],
    [],
    [],
    [],
    [],
    [],
    [],
    [],
    [],
    [],
    [],
    [],
    [],
    [],
    [],
    [],
    [],
    [],
    [],
    [],
    [],
    [],
    [],
    [],
    [],
    [],
    [],
    [],
    [],
    [],
    [],
    [],
    [],
    [],
    [],
    [],
    [],
    [],
    [],
    [],
    [],
    [],
    [],
    [],
    [],
    [],
    [],
    [],
    [],
    [],
    [],
    [],
    [],
    [],
    [],
    [],
    [],
    [],
    [],
    [],
    [],
    [],
    [],
    [],
    [],
    [],
    [],
    [],
    [],
    [],
    [],
    [],
    [],
    [],
    [],
    [],
    [],
    [],
    [],
    [],
    [],
    [],
    [],
    [],
    [],
    [],
    [],
    [],
    [],
    [],
    [],
    [],
    [],
    [],
    [],
    [],
    [],
    [],
    [],
    [],
    [],
    [],
    [],
    [],
    [],
    [],
    [],
    [],
    [],
    [],
    [],
    [],
    [],
    [],
    [],
    [],
    [],
    [],
    [],
    [],
    [],
    [],
    [],
    [],
    [],
    [],
    [],
    [],
    [],
    [],
    [],
    [],
    [],
    [],
    [],
    [],
    [],
    [],
    [],
    [],
    [],
    [],
    [],
    [],
    [],
    [],
    [],
    [],
    [],
    [],
    [],
    [],
    [],
    [],
    [],
    [],
    [],
    [],
    [],
    [],
    [],
    [],
    [],
    [],
    [],
    [],
    [],
    [],
    [],
    [],
    [],
    [],
    [],
    [],
    [],
    [],
    [],
    [],
    [],
    [],
    [],
    [],
    [],
    [],
    [],
    [],
    [],
    [],
    [],
    [],
    [],
    [],
    [],
    [],
    [],
    [],
    [],
    [],
    [],
    [],
    [],
    [],
    [],
    [],
    [],
    [],
    [],
    [],
    [],
    [],
    [],
    [],
    [],
    [],
    [],
    [],
    [],
    [],
    [],
    [],
    [],
    [],
    [],
    [],
    [],
    [],
    [],
    [],
    [],
    [],
    [],
    [],
    [],
    [],
    [],
    [],
    [],
    [],
    [],
    [],
    [],
    [],
    [],
    [],
    [],
    [],
    [],
    [],
    [],
    [],
    [],
    [],
    [],
    [],
    [],
    [],
    [],
    [],
    [],
    [],
    [],
    [],
    [],
    [],
    [],
    [],
    [],
    [],
    [],
    [],
    [],
    [],
    [],
    [],
    [],
    [],
    [],
    [],
    [],
    [],
    [],
    [],
    [],
    [],
    [],
    [],
    [],
    [],
    [],
    [],
    [],
    [],
    [],
    [],
    [],
    [],
    [],
    [],
    [],
    []
  ],
  "props": [],
  "walkways": [
    134.80075901328271,
    177.15370018975332
  ]
}