{
  "waves": [
    [
      {
        "name": "RASPBERRY_DONUT",
        "width": 32,
        "height": 32,
        "imageSpec": {
          "id": "donutSheet",
          "sx": 0,
          "sy": 0,
          "sWidth": 32,
          "sHeight": 32
        },
        "x": -34.13675301487135,
        "y": 145.91490598953288,
        "endX": 301.40196704080483
      },
      {
        "name": "EVIL_PRINTER",
        "width": 32,
        "height": 32,
        "imageSpec": {
          "id": "printerSheet",
          "sx": 0,
          "sy": 0,
          "sWidth": 32,
          "sHeight": 32
        },
        "x": 631.2713690453845,
        "y": 147.2921108742004,
        "endX": 325.06726979240966
      }
    ],
    [],
    [
      {
        "name": "CHOCO_DONUT",
        "width": 32,
        "height": 32,
        "imageSpec": {
          "id": "donutSheet",
          "sx": 0,
          "sy": 32,
          "sWidth": 32,
          "sHeight": 32
        },
        "x": -37.50598746199182,
        "y": 146.26865671641792,
        "endX": 224.64232891625062
      },
      {
        "name": "EVIL_PRINTER",
        "width": 32,
        "height": 32,
        "imageSpec": {
          "id": "printerSheet",
          "sx": 0,
          "sy": 0,
          "sWidth": 32,
          "sHeight": 32
        },
        "x": 633.0208341153948,
        "y": 149.33901918976545,
        "endX": 297.43380006757013
      }
    ],
    [],
    [
      {
        "name": "FROSTED_DONUT",
        "width": 32,
        "height": 32,
        "imageSpec": {
          "id": "donutSheet",
          "sx": 0,
          "sy": 64,
          "sWidth": 32,
          "sHeight": 32
        },
        "x": -42.86234468260821,
        "y": 146.2686567164179,
        "endX": 313.17177821990316
      },
      {
        "name": "EVIL_PRINTER",
        "width": 32,
        "height": 32,
        "imageSpec": {
          "id": "printerSheet",
          "sx": 0,
          "sy": 0,
          "sWidth": 32,
          "sHeight": 32
        },
        "x": 635.0677577987162,
        "y": 148.31556503198294,
        "endX": 325.57900071324
      }
    ],
    [],
    [],
    [
      {
        "name": "EVIL_PRINTER",
        "width": 32,
        "height": 32,
        "imageSpec": {
          "id": "printerSheet",
          "sx": 0,
          "sy": 0,
          "sWidth": 32,
          "sHeight": 32
        },
        "x": 622.7862156987875,
        "y": 149.8507462686567,
        "endX": 258.0305191636323
      }
    ],
    [
      {
        "name": "EVIL_PRINTER",
        "width": 32,
        "height": 32,
        "imageSpec": {
          "id": "printerSheet",
          "sx": 0,
          "sy": 0,
          "sWidth": 32,
          "sHeight": 32
        },
        "x": 642.2319906903413,
        "y": 149.8507462686567,
        "endX": 274.40590863020384
      }
    ],
    [],
    [],
    [
      {
        "name": "EVIL_PRINTER",
        "width": 32,
        "height": 32,
        "imageSpec": {
          "id": "printerSheet",
          "sx": 0,
          "sy": 0,
          "sWidth": 32,
          "sHeight": 32
        },
        "x": 630.4621795112429,
        "y": 148.31556503198294,
        "endX": 267.75340665940917
      }
    ],
    [
      {
        "name": "EVIL_PRINTER",
        "width": 32,
        "height": 32,
        "imageSpec": {
          "id": "printerSheet",
          "sx": 0,
          "sy": 0,
          "sWidth": 32,
          "sHeight": 32
        },
        "x": 648.3727617403056,
        "y": 150.362473347548,
        "endX": 272.3589849468824
      }
    ],
    [],
    [],
    [
      {
        "name": "EVIL_PRINTER",
        "width": 32,
        "height": 32,
        "imageSpec": {
          "id": "printerSheet",
          "sx": 0,
          "sy": 0,
          "sWidth": 32,
          "sHeight": 32
        },
        "x": 634.5560268778859,
        "y": 149.33901918976548,
        "endX": 258.0305191636323
      }
    ],
    [],
    [],
    [],
    [],
    [],
    [],
    [],
    [],
    [],
    [],
    [],
    [],
    [],
    [],
    [
      {
        "name": "CHOCO_DONUT",
        "width": 32,
        "height": 32,
        "imageSpec": {
          "id": "donutSheet",
          "sx": 0,
          "sy": 32,
          "sWidth": 32,
          "sHeight": 32
        },
        "x": -38.52944930365254,
        "y": 145.75692963752667
      }
    ],
    [],
    [],
    [],
    [],
    [],
    [],
    [],
    [],
    [],
    [],
    [],
    [],
    [],
    [],
    [],
    [],
    [],
    [],
    [],
    [],
    [],
    [],
    [],
    [],
    [],
    [],
    [],
    [],
    [],
    [],
    [],
    [],
    [],
    [],
    [],
    [],
    [],
    [],
    [],
    [],
    [],
    [],
    [],
    [],
    [],
    [],
    [],
    [],
    [],
    [],
    [],
    [],
    [],
    [],
    [],
    [],
    [],
    [],
    [],
    [],
    [],
    [],
    [],
    [],
    [],
    [],
    [],
    [],
    [],
    [],
    [],
    [],
    [],
    [],
    [],
    [],
    [],
    [],
    [],
    [],
    [],
    [],
    [],
    [],
    [],
    [],
    [],
    [],
    [],
    [],
    [],
    [],
    [],
    [],
    [],
    [],
    [],
    [],
    [],
    [],
    [],
    [],
    [],
    [],
    [],
    [],
    [],
    [],
    [],
    [],
    [],
    [],
    [],
    [],
    [],
    [],
    [],
    [],
    [],
    [],
    [],
    [],
    [],
    [],
    [],
    [],
    [],
    [],
    [],
    [],
    [],
    [],
    [],
    [],
    [],
    [],
    [],
    [],
    [],
    [],
    [],
    [],
    [],
    [],
    [],
    [],
    [],
    [],
    [],
    [],
    [],
    [],
    [],
    [],
    [],
    [],
    [],
    [],
    [],
    [],
    [],
    [],
    [],
    [],
    [],
    [],
    [],
    [],
    [],
    [],
    [],
    [],
    [],
    [],
    [],
    [],
    [],
    [],
    [],
    [],
    [],
    [],
    [],
    [],
    [],
    [],
    [],
    [],
    [],
    [],
    [],
    [],
    [],
    [],
    [],
    [],
    [],
    [],
    [],
    [],
    [],
    [],
    [],
    [],
    [],
    [],
    [],
    [],
    [],
    [],
    [],
    [],
    [],
    [],
    [],
    [],
    [],
    [],
    [],
    [],
    [],
    [],
    [],
    [],
    [],
    [],
    [],
    [],
    [],
    [],
    [],
    [],
    [],
    [],
    [],
    [],
    [],
    [],
    [],
    [],
    [],
    [],
    [],
    [],
    [],
    [],
    [],
    [],
    [],
    [],
    [],
    [],
    [],
    [],
    [],
    [],
    [],
    [],
    [],
    [],
    [],
    [],
    [],
    [],
    [],
    [],
    [],
    [],
    [],
    [],
    [],
    [],
    [],
    [],
    [],
    [],
    [],
    [],
    [],
    [],
    [],
    [],
    [],
    [],
    [],
    [],
    [],
    [],
    [],
    [],
    [],
    [],
    [],
    [],
    [],
    [],
    [],
    [],
    [],
    [],
    [],
    [],
    [],
    [],
    [],
    [],
    [],
    [],
    [],
    [],
    [],
    [],
    [],
    [],
    [],
    [],
    [],
    [],
    [],
    [],
    [],
    [],
    [],
    [],
    [],
    [],
    [],
    [],
    [],
    [],
    [],
    [],
    [],
    [],
    [],
    [],
    [],
    [],
    [],
    [],
    [],
    [],
    [],
    [],
    [],
    [],
    [],
    [],
    [],
    [],
    [],
    [],
    [],
    [],
    [],
    [],
    [],
    [],
    [],
    [],
    [],
    [],
    [],
    [],
    [],
    [],
    [],
    [],
    []
  ],
  "props": []
}