{
  "props": [],
  "walkways": {
    "174": [
      [
        {
          "name": "CHOCO_DONUT",
          "width": 32,
          "height": 32,
          "imageSpec": {
            "id": "donutSheet",
            "sx": 0,
            "sy": 32,
            "sWidth": 32,
            "sHeight": 32
          },
          "x": -40.12882378285222,
          "y": 142,
          "endX": 233.04022100007603
        },
        {
          "name": "EVIL_PRINTER",
          "width": 32,
          "height": 32,
          "imageSpec": {
            "id": "printerSheet",
            "sx": 0,
            "sy": 0,
            "sWidth": 32,
            "sHeight": 32
          },
          "x": 639.9562308335657,
          "y": 142,
          "endX": 358.0687837392604
        }
      ]
    ],
    "149.53934740882917": [
      [
        {
          "name": "RASPBERRY_DONUT",
          "width": 32,
          "height": 32,
          "imageSpec": {
            "id": "donutSheet",
            "sx": 0,
            "sy": 0,
            "sWidth": 32,
            "sHeight": 32
          },
          "x": -39.88308791849356,
          "y": 117.53934740882917,
          "endX": 276.3416377322148
        },
        {
          "name": "EVIL_PRINTER",
          "width": 32,
          "height": 32,
          "imageSpec": {
            "id": "printerSheet",
            "sx": 0,
            "sy": 0,
            "sWidth": 32,
            "sHeight": 32
          },
          "x": 651.9332184403274,
          "y": 117.53934740882917,
          "endX": 307.39691309526825
        }
      ]
    ]
  }
}