{
  "name": "level1",
  "props": [
    {
      "type": "prop",
      "name": "GRAVE_2",
      "width": 32,
      "height": 32,
      "imageSpec": {
        "id": "graveyardProps",
        "sx": 32,
        "sy": 0,
        "sWidth": 32,
        "sHeight": 32
      },
      "x": 181.50583231126538,
      "y": 150.41106719367588
    },
    {
      "type": "prop",
      "name": "GRAVE_3",
      "width": 32,
      "height": 32,
      "imageSpec": {
        "id": "graveyardProps",
        "sx": 64,
        "sy": 0,
        "sWidth": 32,
        "sHeight": 32
      },
      "x": 272.32016387881316,
      "y": 150.41106719367588
    }
  ],
  "walkways": {
    "174.41106719367588": [
      [
        {
          "type": "enemy",
          "name": "FROSTED_DONUT",
          "width": 32,
          "height": 32,
          "imageSpec": {
            "id": "donutSheet",
            "sx": 0,
            "sy": 64,
            "sWidth": 32,
            "sHeight": 32
          },
          "x": 182.8657133164583,
          "y": 142.41106719367588
        },
        {
          "type": "enemy",
          "name": "CHOCO_DONUT",
          "width": 32,
          "height": 32,
          "imageSpec": {
            "id": "donutSheet",
            "sx": 0,
            "sy": 32,
            "sWidth": 32,
            "sHeight": 32
          },
          "x": 273.2374677070014,
          "y": 142.41106719367588
        }
      ]
    ]
  }
}